`,What days and times do you commute to campus?  Select N/A if you don't commute to campus on specific day. [Monday],What days and times do you commute to campus?  Select N/A if you don't commute to campus on specific day. [Tuesday],What days and times do you commute to campus?  Select N/A if you don't commute to campus on specific day. [Wednesday],What days and times do you commute to campus?  Select N/A if you don't commute to campus on specific day. [Thursday],What days and times do you commute to campus?  Select N/A if you don't commute to campus on specific day. [Friday],What were the weather conditions on each day? Select N/A if you don't commute to campus on specific day. [Monday],What were the weather conditions on each day? Select N/A if you don't commute to campus on specific day. [Tuesday],What were the weather conditions on each day? Select N/A if you don't commute to campus on specific day. [Wednesday],What were the weather conditions on each day? Select N/A if you don't commute to campus on specific day. [Thursday],What were the weather conditions on each day? Select N/A if you don't commute to campus on specific day. [Friday],How long was your commute to UIC in minutes?  Select N/A if you don't commute to campus on specific day. [Monday],How long was your commute to UIC in minutes?  Select N/A if you don't commute to campus on specific day. [Tuesday],How long was your commute to UIC in minutes?  Select N/A if you don't commute to campus on specific day. [Wednesday],How long was your commute to UIC in minutes?  Select N/A if you don't commute to campus on specific day. [Thursday],How long was your commute to UIC in minutes?  Select N/A if you don't commute to campus on specific day. [Friday],What is your primary mode of transportation to campus today? [Monday],What is the distance in miles from your primary starting point?,What is your primary mode of transportation to campus today? [Tuesday],What is your primary mode of transportation to campus today? [Wednesday],What is your primary mode of transportation to campus today? [Thursday],What is your primary mode of transportation to campus today? [Friday],"What is your primary starting location (please list the 
city, suburb, or neighborhood name e.g belmont cragin, norridge, lincolnwood, or schaumburg, naperville, etc.)? "
9/17/2026 11:41:49,11am,9am,11am,11am,10am,Cloudy,Cloudy,Cloudy,Raining,Sunny,45-60 Minutes,75-90 Minutes,60-75 Minutes,60-75 Minutes,45-60 Minutes,Car,25-30 Miles,Car,Car,Car,Car,Carol Stream
9/17/2026 11:42:27,10am,10am,10am,n/a,n/a,Sunny,Cloudy,Raining,Raining,N/A,45-60 Minutes,45-60 Minutes,45-60 Minutes,N/A,N/A,Train,35-40 Miles,Train,Train,Other,Other,
9/17/2026 12:28:40,n/a,9am,n/a,9am,n/a,N/A,Cloudy,N/A,Raining,N/A,N/A,30-45 Minutes,N/A,60-75 Minutes,N/A,N/A,12-15 Miles,Car,N/A,Car,N/A,Chicago (Dunning)
9/17/2026 12:43:40,12pm,12pm,12pm,12pm,n/a,Sunny,Cloudy,Raining,Raining,N/A,60-75 Minutes,60-75 Minutes,60-75 Minutes,60-75 Minutes,N/A,Train,40+ Miles,Train,Train,Train,N/A,
9/17/2026 12:44:09,11am,11am,11am,11am,n/a,Sunny,Raining,Cloudy,Sunny,N/A,45-60 Minutes,45-60 Minutes,45-60 Minutes,45-60 Minutes,N/A,Train,20-25 Miles,Train,Train,Train,N/A,
9/17/2026 17:53:09,n/a,12pm,n/a,10am,10am,Sunny,Sunny,Sunny,Cloudy,Sunny,15-30 Minutes,15-30 Minutes,15-30 Minutes,15-30 Minutes,15-30 Minutes,Bus,6-8 Miles,Bus,Bus,Bus,Bus,
9/18/2026 10:27:42,10am,9am,10am,9am,9am,N/A,N/A,N/A,N/A,N/A,0-15 Minutes,0-15 Minutes,0-15 Minutes,0-15 Minutes,0-15 Minutes,Walk,0-2 Miles,Walk,Walk,Walk,Walk,Little Italy 
9/18/2026 10:54:39,10am,2pm,10am,2pm,9am,Cloudy,Cloudy,Raining,Raining,Cloudy,45-60 Minutes,45-60 Minutes,45-60 Minutes,45-60 Minutes,60-75 Minutes,Train,15-20 Miles,Train,Train,Train,Train,Morton Grove
9/18/2026 11:06:02,10am,8am,10am,8am,9am,Sunny,Raining,Sunny,Raining,Sunny,75-90 Minutes,60-75 Minutes,75-90 Minutes,60-75 Minutes,60-75 Minutes,Train,15-20 Miles,Train,Train,Train,Train,"Westmont, IL"
9/18/2026 11:07:18,8am,9am,8am,9am,8am,Sunny,Cloudy,Raining,Raining,Sunny,45-60 Minutes,45-60 Minutes,45-60 Minutes,45-60 Minutes,45-60 Minutes,Train,15-20 Miles,Train,Train,Train,Train,suburb
9/18/2026 11:07:59,9am,10am,11am,2pm,9am,Sunny,Cloudy,Raining,Raining,Sunny,45-60 Minutes,30-45 Minutes,15-30 Minutes,15-30 Minutes,45-60 Minutes,Car,20-25 Miles,Car,Car,Car,Car,Suburb
9/18/2026 11:08:37,8am,8am,8am,11am,8am,Cloudy,Sunny,Cloudy,Cloudy,Sunny,0-15 Minutes,0-15 Minutes,0-15 Minutes,0-15 Minutes,0-15 Minutes,Walk,0-2 Miles,Walk,Walk,Walk,Walk,Neighbourhood
9/18/2026 11:17:37,9am,9am,9am,9am,9am,Raining,Raining,Raining,Raining,Raining,60-75 Minutes,60-75 Minutes,60-75 Minutes,60-75 Minutes,60-75 Minutes,Train,40+ Miles,Train,Train,Train,Train,Huntley
9/18/2026 11:27:43,n/a,7am,n/a,7am,n/a,N/A,Cloudy,N/A,Raining,N/A,N/A,90+ Minutes,N/A,90+ Minutes,N/A,N/A,35-40 Miles,Train,N/A,Train,N/A,"Elgin, IL"
9/18/2026 11:29:38,9am,7am,n/a,7am,n/a,Cloudy,Raining,N/A,Raining,N/A,60-75 Minutes,60-75 Minutes,N/A,60-75 Minutes,N/A,Train,15-20 Miles,Train,N/A,Train,N/A,Glendale Heights
9/18/2026 11:35:18,9am,8am,9am,8am,11am,Cloudy,Cloudy,Cloudy,Raining,Cloudy,60-75 Minutes,60-75 Minutes,60-75 Minutes,60-75 Minutes,60-75 Minutes,Train,25-30 Miles,Train,Train,Train,Train,Rolling Meadows
9/18/2026 11:54:30,n/a,11am,11am,11am,n/a,N/A,Sunny,Sunny,Sunny,N/A,N/A,90+ Minutes,90+ Minutes,90+ Minutes,N/A,N/A,20-25 Miles,Train,Train,Train,N/A,Aurora to Union Station
9/18/2026 12:27:23,n/a,8am,n/a,8am,8am,N/A,Sunny,N/A,Raining,Cloudy,N/A,75-90 Minutes,N/A,75-90 Minutes,60-75 Minutes,N/A,15-20 Miles,Train,N/A,Train,Train,Park Ridge
9/18/2026 13:36:42,8am,n/a,8am,n/a,8am,Raining,N/A,Raining,N/A,Cloudy,60-75 Minutes,N/A,60-75 Minutes,N/A,60-75 Minutes,Car,35-40 Miles,N/A,Car,N/A,Car,Schaumburg 
9/18/2026 15:16:23,n/a,8am,8am,8am,n/a,N/A,Cloudy,Raining,Sunny,N/A,N/A,60-75 Minutes,60-75 Minutes,60-75 Minutes,N/A,N/A,20-25 Miles,Car,Car,Train,N/A,Chicago (city) 
9/18/2026 15:19:15,8am,8am,7am,7am,n/a,Sunny,Cloudy,Raining,Raining,Cloudy,45-60 Minutes,45-60 Minutes,45-60 Minutes,75-90 Minutes,N/A,Train,9-11 Miles,Train,Train,Car,N/A,west roger’s park
9/18/2026 21:29:59,9am,11am,9am,11am,n/a,Sunny,Sunny,Cloudy,Raining,Sunny,60-75 Minutes,60-75 Minutes,60-75 Minutes,60-75 Minutes,60-75 Minutes,Car,30-35 Miles,Car,Car,Car,Car,Algonquin
9/19/2026 10:53:42,11am,n/a,7am,n/a,11am,Raining,N/A,Cloudy,N/A,Cloudy,90+ Minutes,N/A,90+ Minutes,N/A,90+ Minutes,Train,40+ Miles,N/A,Train,N/A,Train,Huntley
9/19/2026 15:30:40,10am,8am,10am,8am,10am,Sunny,Cloudy,Cloudy,Raining,Cloudy,0-15 Minutes,0-15 Minutes,0-15 Minutes,0-15 Minutes,0-15 Minutes,Bus,0-2 Miles,Walk,Bus,Walk,Bus,"Little Italy, Chicago"
9/19/2026 15:34:49,8am,9am,11am,9am,n/a,Cloudy,Sunny,Cloudy,Raining,N/A,0-15 Minutes,0-15 Minutes,0-15 Minutes,0-15 Minutes,N/A,Walk,0-2 Miles,Walk,Walk,Walk,N/A,Little Italy
9/19/2026 15:49:43,9am,n/a,n/a,n/a,n/a,Sunny,N/A,N/A,N/A,N/A,45-60 Minutes,N/A,N/A,N/A,N/A,Train,25-30 Miles,Walk,Walk,Walk,Walk,Plainfield 
9/19/2026 15:53:51,9am,8am,9am,n/a,9am,Sunny,Sunny,Sunny,N/A,Sunny,45-60 Minutes,45-60 Minutes,45-60 Minutes,N/A,45-60 Minutes,Car,6-8 Miles,Car,Car,N/A,Car,Montclare 
9/19/2026 16:02:31,10am,10am,10am,10am,7am,Sunny,Raining,Sunny,Sunny,Sunny,45-60 Minutes,30-45 Minutes,60-75 Minutes,45-60 Minutes,30-45 Minutes,Car,12-15 Miles,Car,Car,Car,Car,Norwood Park Township
9/19/2026 20:52:47,10am,n/a,10am,n/a,n/a,Raining,Cloudy,Cloudy,Raining,Cloudy,15-30 Minutes,N/A,15-30 Minutes,N/A,N/A,Bus,3-5 Miles,N/A,Bus,N/A,N/A,Pilsen 
9/22/2026 11:09:57,n/a,8am,9am,8am,10am,N/A,Cloudy,Raining,Raining,Cloudy,N/A,75-90 Minutes,60-75 Minutes,75-90 Minutes,75-90 Minutes,N/A,30-35 Miles,Train,Carpool,Train,Car,Hanover park 
9/22/2026 11:16:31,12pm,11am,12pm,11am,12pm,Raining,Raining,Raining,Raining,Raining,45-60 Minutes,45-60 Minutes,45-60 Minutes,45-60 Minutes,45-60 Minutes,Car,20-25 Miles,Car,Car,Car,Car,bloomingdale
9/22/2026 11:21:12,7am,n/a,11am,11am,n/a,Raining,N/A,Cloudy,N/A,N/A,60-75 Minutes,N/A,15-30 Minutes,15-30 Minutes,N/A,Train,0-2 Miles,N/A,Bus,Walk,N/A,"Little Italy, Chicago"
9/22/2026 11:48:22,11am,11am,11am,11am,n/a,Cloudy,Raining,Cloudy,Raining,N/A,75-90 Minutes,75-90 Minutes,75-90 Minutes,90+ Minutes,N/A,Train,30-35 Miles,Train,Train,Train,N/A,Naperville
9/22/2026 12:18:17,11am,9am,11am,9am,11am,Cloudy,Raining,Cloudy,Raining,Cloudy,15-30 Minutes,0-15 Minutes,15-30 Minutes,0-15 Minutes,15-30 Minutes,Bus,3-5 Miles,Walk,Bus,Walk,Bus,little italy
9/22/2026 12:32:41,n/a,11am,n/a,11am,n/a,N/A,Cloudy,N/A,Cloudy,N/A,N/A,30-45 Minutes,N/A,30-45 Minutes,N/A,N/A,12-15 Miles,Car,N/A,Car,N/A,Lincolnwood
9/22/2026 12:47:32,8am,8am,8am,n/a,8am,Cloudy,Cloudy,Cloudy,N/A,Cloudy,45-60 Minutes,45-60 Minutes,45-60 Minutes,N/A,45-60 Minutes,Car,12-15 Miles,Car,Car,N/A,Car,Brookfield
9/22/2026 12:50:35,9am,9am,9am,9am,9am,Cloudy,Cloudy,Cloudy,Cloudy,Cloudy,45-60 Minutes,45-60 Minutes,45-60 Minutes,45-60 Minutes,45-60 Minutes,Car,20-25 Miles,Car,Car,Car,Car,Downers Grove
9/22/2026 13:04:00,9am,9am,9am,9am,8am,Cloudy,Sunny,Cloudy,Raining,Raining,0-15 Minutes,0-15 Minutes,15-30 Minutes,0-15 Minutes,0-15 Minutes,Car,6-8 Miles,Car,Car,Bicycle,Car,near west side
9/22/2026 13:29:37,n/a,10am,10am,10am,10am,N/A,Cloudy,Cloudy,Raining,Raining,N/A,0-15 Minutes,0-15 Minutes,0-15 Minutes,0-15 Minutes,N/A,0-2 Miles,Bicycle,Bicycle,Bicycle,Bicycle,River North
9/22/2026 14:46:38,12pm,12pm,12pm,9am,12pm,Cloudy,Cloudy,Cloudy,Raining,Sunny,15-30 Minutes,15-30 Minutes,15-30 Minutes,15-30 Minutes,15-30 Minutes,Walk,0-2 Miles,Walk,Walk,Walk,Walk,city - Chicago
9/22/2026 20:21:08,7am,10am,7am,10am,8am,Sunny,Sunny,Raining,Sunny,Sunny,60-75 Minutes,60-75 Minutes,60-75 Minutes,60-75 Minutes,60-75 Minutes,Train,30-35 Miles,Train,Train,Train,Car,Hanover Park
9/23/2026 12:40:14,9am,9am,8am,7am,9am,Cloudy,Cloudy,Raining,Raining,Raining,30-45 Minutes,30-45 Minutes,30-45 Minutes,30-45 Minutes,30-45 Minutes,Car,6-8 Miles,Car,Car,Car,Car,Cicero
9/23/2026 15:00:20,9am,11am,10am,10am,12pm,Raining,Cloudy,Cloudy,Cloudy,Cloudy,15-30 Minutes,15-30 Minutes,15-30 Minutes,15-30 Minutes,15-30 Minutes,Walk,0-2 Miles,Walk,Walk,Walk,Walk,little Italy 
9/23/2026 16:46:02,2pm,n/a,2pm,2pm,n/a,Cloudy,N/A,Cloudy,Cloudy,N/A,0-15 Minutes,N/A,0-15 Minutes,0-15 Minutes,N/A,Walk,0-2 Miles,N/A,Walk,Walk,N/A,Taylor and Carpenter 
9/24/2026 10:19:21,8am,n/a,8am,n/a,n/a,Cloudy,N/A,Raining,N/A,N/A,30-45 Minutes,N/A,45-60 Minutes,N/A,N/A,Car,15-20 Miles,N/A,Car,N/A,N/A,Rogers Park
9/26/2026 17:13:42,9am,11am,9am,11am,n/a,Cloudy,Cloudy,Raining,Sunny,N/A,60-75 Minutes,30-45 Minutes,60-75 Minutes,30-45 Minutes,N/A,Car,20-25 Miles,Car,Car,Car,N/A,Lombard 
9/26/2026 17:20:57,10am,10am,10am,10am,n/a,Cloudy,Cloudy,Cloudy,Cloudy,N/A,15-30 Minutes,15-30 Minutes,15-30 Minutes,15-30 Minutes,N/A,Car,0-2 Miles,Bus,Bus,Bus,Bicycle,South Loop
9/26/2026 17:27:48,12pm,12pm,12pm,12pm,12pm,Cloudy,Cloudy,Cloudy,Cloudy,Cloudy,75-90 Minutes,75-90 Minutes,75-90 Minutes,75-90 Minutes,75-90 Minutes,Train,40+ Miles,Train,Train,Train,Train,Algonquin
9/26/2026 17:50:03,11am,11am,11am,11am,n/a,Sunny,Sunny,Cloudy,Sunny,N/A,45-60 Minutes,45-60 Minutes,45-60 Minutes,45-60 Minutes,N/A,Train,25-30 Miles,Train,Train,Train,N/A,Elmhurst 
9/26/2026 17:51:53,8am,8am,8am,8am,8am,Raining,Cloudy,Cloudy,Cloudy,Sunny,60-75 Minutes,60-75 Minutes,60-75 Minutes,60-75 Minutes,60-75 Minutes,Train,15-20 Miles,Train,Train,Train,Train,Des Plaines. 
9/30/2026 20:17:46,n/a,9am,n/a,9am,n/a,N/A,Cloudy,N/A,Cloudy,N/A,N/A,30-45 Minutes,N/A,30-45 Minutes,N/A,N/A,12-15 Miles,Car,N/A,Car,N/A,Belmont Cragin